<annotation>
	<folder>0</folder>
	<filename>1507800923.56.png</filename>
	<path>C:\Users\Andi\Downloads\tl_classifier_data\tl_classifier_data\0\1507800923.56.png</path>
	<source>
		<database>Unknown</database>
	</source>
	<size>
		<width>300</width>
		<height>200</height>
		<depth>3</depth>
	</size>
	<segmented>0</segmented>
	<object>
		<name>red</name>
		<pose>Unspecified</pose>
		<truncated>0</truncated>
		<difficult>0</difficult>
		<bndbox>
			<xmin>154</xmin>
			<ymin>179</ymin>
			<xmax>161</xmax>
			<ymax>193</ymax>
		</bndbox>
	</object>
	<object>
		<name>red</name>
		<pose>Unspecified</pose>
		<truncated>0</truncated>
		<difficult>0</difficult>
		<bndbox>
			<xmin>181</xmin>
			<ymin>180</ymin>
			<xmax>188</xmax>
			<ymax>194</ymax>
		</bndbox>
	</object>
	<object>
		<name>red</name>
		<pose>Unspecified</pose>
		<truncated>0</truncated>
		<difficult>0</difficult>
		<bndbox>
			<xmin>208</xmin>
			<ymin>181</ymin>
			<xmax>215</xmax>
			<ymax>193</ymax>
		</bndbox>
	</object>
</annotation>
