<annotation>
	<folder>0</folder>
	<filename>1507800924.7.png</filename>
	<path>C:\Users\Andi\Downloads\tl_classifier_data\tl_classifier_data\0\1507800924.7.png</path>
	<source>
		<database>Unknown</database>
	</source>
	<size>
		<width>300</width>
		<height>200</height>
		<depth>3</depth>
	</size>
	<segmented>0</segmented>
	<object>
		<name>red</name>
		<pose>Unspecified</pose>
		<truncated>0</truncated>
		<difficult>0</difficult>
		<bndbox>
			<xmin>117</xmin>
			<ymin>171</ymin>
			<xmax>124</xmax>
			<ymax>187</ymax>
		</bndbox>
	</object>
	<object>
		<name>red</name>
		<pose>Unspecified</pose>
		<truncated>0</truncated>
		<difficult>0</difficult>
		<bndbox>
			<xmin>149</xmin>
			<ymin>172</ymin>
			<xmax>157</xmax>
			<ymax>187</ymax>
		</bndbox>
	</object>
	<object>
		<name>red</name>
		<pose>Unspecified</pose>
		<truncated>0</truncated>
		<difficult>0</difficult>
		<bndbox>
			<xmin>181</xmin>
			<ymin>174</ymin>
			<xmax>188</xmax>
			<ymax>189</ymax>
		</bndbox>
	</object>
</annotation>
