<annotation verified="yes">
	<folder>0</folder>
	<filename>1507801466.17.png</filename>
	<path>C:\Users\Andi\Downloads\tl_classifier_data\tl_classifier_data\0\1507801466.17.png</path>
	<source>
		<database>Unknown</database>
	</source>
	<size>
		<width>300</width>
		<height>200</height>
		<depth>3</depth>
	</size>
	<segmented>0</segmented>
	<object>
		<name>red</name>
		<pose>Unspecified</pose>
		<truncated>0</truncated>
		<difficult>0</difficult>
		<bndbox>
			<xmin>102</xmin>
			<ymin>180</ymin>
			<xmax>109</xmax>
			<ymax>192</ymax>
		</bndbox>
	</object>
	<object>
		<name>red</name>
		<pose>Unspecified</pose>
		<truncated>0</truncated>
		<difficult>0</difficult>
		<bndbox>
			<xmin>125</xmin>
			<ymin>181</ymin>
			<xmax>133</xmax>
			<ymax>193</ymax>
		</bndbox>
	</object>
	<object>
		<name>red</name>
		<pose>Unspecified</pose>
		<truncated>0</truncated>
		<difficult>0</difficult>
		<bndbox>
			<xmin>150</xmin>
			<ymin>182</ymin>
			<xmax>156</xmax>
			<ymax>192</ymax>
		</bndbox>
	</object>
</annotation>
