<annotation verified="yes">
	<folder>0</folder>
	<filename>1507801436.82.png</filename>
	<path>C:\Users\Andi\Downloads\tl_classifier_data\tl_classifier_data\0\1507801436.82.png</path>
	<source>
		<database>Unknown</database>
	</source>
	<size>
		<width>300</width>
		<height>200</height>
		<depth>3</depth>
	</size>
	<segmented>0</segmented>
	<object>
		<name>red</name>
		<pose>Unspecified</pose>
		<truncated>0</truncated>
		<difficult>0</difficult>
		<bndbox>
			<xmin>8</xmin>
			<ymin>88</ymin>
			<xmax>28</xmax>
			<ymax>132</ymax>
		</bndbox>
	</object>
	<object>
		<name>red</name>
		<pose>Unspecified</pose>
		<truncated>0</truncated>
		<difficult>0</difficult>
		<bndbox>
			<xmin>106</xmin>
			<ymin>90</ymin>
			<xmax>127</xmax>
			<ymax>134</ymax>
		</bndbox>
	</object>
	<object>
		<name>red</name>
		<pose>Unspecified</pose>
		<truncated>0</truncated>
		<difficult>0</difficult>
		<bndbox>
			<xmin>204</xmin>
			<ymin>92</ymin>
			<xmax>225</xmax>
			<ymax>136</ymax>
		</bndbox>
	</object>
</annotation>
