<annotation>
	<folder>0</folder>
	<filename>1507800939.62.png</filename>
	<path>C:\Users\Andi\Downloads\tl_classifier_data\tl_classifier_data\0\1507800939.62.png</path>
	<source>
		<database>Unknown</database>
	</source>
	<size>
		<width>300</width>
		<height>200</height>
		<depth>3</depth>
	</size>
	<segmented>0</segmented>
	<object>
		<name>red</name>
		<pose>Unspecified</pose>
		<truncated>0</truncated>
		<difficult>0</difficult>
		<bndbox>
			<xmin>51</xmin>
			<ymin>47</ymin>
			<xmax>79</xmax>
			<ymax>104</ymax>
		</bndbox>
	</object>
	<object>
		<name>red</name>
		<pose>Unspecified</pose>
		<truncated>0</truncated>
		<difficult>0</difficult>
		<bndbox>
			<xmin>179</xmin>
			<ymin>50</ymin>
			<xmax>208</xmax>
			<ymax>106</ymax>
		</bndbox>
	</object>
</annotation>
